Cluster,Lead_Time,Sales,Gross Profit,Distance_km
0,1349.2476439790576,10.489403141361258,6.918219895287958,1117.1787371359223
1,1386.6150296638102,10.991964403427819,7.424225444957152,3112.397115655872
2,1367.2107843137255,30.97514705882353,20.15766339869281,1833.81069735575
