Factory,Average_Lead_Time,Average_Sales,Average_Profit,Total_Units
Lot's O' Nuts,1364.7755190311418,13.349762110726644,9.229173875432526,8658
Secret Factory,1398.9782608695652,34.932065217391305,17.847282608695654,356
Sugar Shack,1441.0,5.384444444444444,2.84,25
The Other Factory,1383.5,13.2734375,1.7109375,128
Wicked Choccy's,1365.1085319949811,13.246392722710164,8.627810539523212,6053
